,cell_number,average_time
0,50.0,0.019936279541916332
1,100.0,0.043088965104685864
2,200.0,0.07943530295292534
3,500.0,0.2270532545314894
4,5000.0,3.8471459980673295
5,10000.0,9.674357194112405
