,pop-$\delta_1 m_0$,pop-$\delta_2$,pop-$e_0 m_0$,pop-$k_2 m_0 scale$,pop-$k_2$,pop-$k_1 m_0$,pop-$r_0 m_0$,pop-$\gamma$,pop-$t_0$,pop-offset,pop-$\sigma$,var-$\delta_1 m_0$,var-$\delta_2$,var-$e_0 m_0$,var-$k_2 m_0 scale$,var-$k_2$,var-$k_1 m_0$,var-$r_0 m_0$,var-$\gamma$,var-$t_0$,var-offset,var-$\sigma$
true,-0.10144,-0.88443,-0.42549,13.81551,0.42143,0.97477,-3.50153,-6.91273,-0.34573,2.07944,-3.45388,0.56752,0.74721,0.52594,0.0,0.44084,1.45996,2.3979,4.61512,0.48075,0.0,0.0
50,-0.07331,-0.85389,-0.51205,13.81551,0.39927,0.9611,-3.42347,-7.00187,-0.47238,2.07944,-3.45388,0.66722,0.90114,0.33689,0.0,0.43695,1.43066,2.16142,4.9429,0.5237,0.0,0.0
100,-0.11108,-0.95334,-0.52588,13.81551,0.42254,0.90298,-3.186,-7.11498,-0.45032,2.07944,-3.45388,0.50487,0.79689,0.43018,0.0,0.39192,1.3274,2.23531,4.34083,0.52746,0.0,0.0
200,-0.08496,-0.90284,-0.54223,13.81551,0.34223,0.88751,-3.32762,-6.99107,-0.35688,2.07944,-3.45388,0.46702,0.78304,0.50718,0.0,0.41755,1.4638,2.19784,4.28193,0.47397,0.0,0.0
500,-0.07732,-0.89501,-0.4157,13.81551,0.38038,0.95926,-3.53926,-7.02341,-0.36754,2.07944,-3.45388,0.50368,0.78348,0.5567,0.0,0.42612,1.45166,2.3577,4.18075,0.4919,0.0,0.0
1000,-0.06715,-0.89452,-0.41275,13.81551,0.39194,0.9692,-3.52724,-6.95481,-0.36602,2.07944,-3.45388,0.55073,0.75003,0.52083,0.0,0.42219,1.49416,2.2529,4.28875,0.47944,0.0,0.0
5000,-0.09644,-0.87511,-0.44113,13.81551,0.42452,0.97077,-3.51661,-6.92682,-0.34442,2.07944,-3.45388,0.57347,0.74608,0.53555,0.0,0.43305,1.46882,2.33819,4.64638,0.47224,0.0,0.0
10000,-0.09011,-0.86843,-0.4248,13.81551,0.42232,0.9745,-3.51316,-6.92916,-0.34172,2.07944,-3.45388,0.56397,0.74436,0.5337,0.0,0.43153,1.47309,2.35624,4.54766,0.48063,0.0,0.0
