,pop-$\delta$,pop-$\gamma$,pop-$k$,pop-$m_0$,pop-scale,pop-$t_0$,pop-offset,pop-$\sigma$,var-$\delta$,var-$\gamma$,var-$k$,var-$m_0$,var-scale,var-$t_0$,var-offset,var-$\sigma$
true,-0.69364,-7.01357,0.02702,5.70375,0.75142,-0.16357,2.07944,-3.45388,0.94098,7.01402,0.67524,6e-05,0.0,0.11641,0.0,0.0
50,-0.45227,-6.68613,-0.12279,5.70348,0.75142,-0.13716,2.07944,-3.45388,1.02698,8.16949,0.70389,4e-05,0.0,0.10939,0.0,0.0
100,-0.67476,-6.9352,-0.1483,5.70321,0.75142,-0.15183,2.07944,-3.45388,1.11789,7.91246,0.71074,5e-05,0.0,0.11076,0.0,0.0
200,-0.72845,-6.98989,-0.03721,5.70401,0.75142,-0.16542,2.07944,-3.45388,1.05704,6.38092,0.64835,5e-05,0.0,0.10921,0.0,0.0
500,-0.77875,-7.19984,-0.02904,5.70389,0.75142,-0.14279,2.07944,-3.45388,0.96476,6.25255,0.68322,5e-05,0.0,0.10425,0.0,0.0
1000,-0.7202,-7.16985,-0.00034,5.70378,0.75142,-0.15085,2.07944,-3.45388,0.95266,6.43852,0.67739,5e-05,0.0,0.11277,0.0,0.0
5000,-0.70344,-7.03052,0.01103,5.70382,0.75142,-0.16648,2.07944,-3.45388,0.93307,6.99451,0.68063,5e-05,0.0,0.11374,0.0,0.0
10000,-0.69056,-7.05345,0.02476,5.70375,0.75142,-0.16634,2.07944,-3.45388,0.94248,7.00463,0.68101,6e-05,0.0,0.11463,0.0,0.0
