,pop-$\delta$,pop-$\gamma$,pop-$k$,pop-$m_0$,pop-scale,pop-$t_0$,pop-offset,pop-$\sigma$,var-$\delta$,var-$\gamma$,var-$k$,var-$m_0$,var-scale,var-$t_0$,var-offset,var-$\sigma$
true,-0.69364,-7.01357,0.02702,5.70375,0.75142,-0.16357,2.07944,-3.45388,0.94098,7.01402,0.67524,6e-05,0.0,0.11641,0.0,0.0
50,-0.8292,-7.16681,-0.08012,5.70454,0.75142,-0.12947,2.07944,-3.45388,0.99854,7.31748,0.42839,7e-05,0.0,0.09096,0.0,0.0
100,-0.7859,-7.34664,-0.08256,5.70297,0.75142,-0.16634,2.07944,-3.45388,1.00678,5.81366,0.49938,7e-05,0.0,0.11146,0.0,0.0
200,-0.71539,-7.14069,-0.06192,5.70374,0.75142,-0.12459,2.07944,-3.45388,0.94565,6.53784,0.54876,5e-05,0.0,0.1062,0.0,0.0
500,-0.66372,-7.11399,-0.01517,5.7031,0.75142,-0.1396,2.07944,-3.45388,0.90694,6.78556,0.61213,5e-05,0.0,0.1062,0.0,0.0
1000,-0.68115,-7.0103,0.02486,5.70335,0.75142,-0.14968,2.07944,-3.45388,0.90451,6.85316,0.66364,6e-05,0.0,0.10575,0.0,0.0
5000,-0.69079,-7.01328,0.02525,5.7037,0.75142,-0.16296,2.07944,-3.45388,0.93847,6.79109,0.68764,6e-05,0.0,0.11145,0.0,0.0
10000,-0.69365,-6.99774,0.02686,5.70365,0.75142,-0.16106,2.07944,-3.45388,0.92605,6.86784,0.68299,6e-05,0.0,0.11221,0.0,0.0
