Unnamed: 0,run,convergenceIndicator,exploratoryNumber,smoothingNumber
0,9VziD2mJUHNvD0XDHHe5,-3549637.29082347,2996,1000
3,D1oqGxzMuo5mkKYm1btg,-3547787.39605245,2051,1000
1,GOZjCH6VJf5pCLmrFSZw,-3547524.40365185,3077,1000
2,bbgvb5k4sy4UXjCyngEX,-3539025.05072742,3814,1000
4,fs2bi7ye5IfjOvASJfQE,-3533224.00194774,2051,1000
