saem,cond,mode,se,ll,run
75281.2852540016,,,1015.7308113575,739.662213087082,9VziD2mJUHNvD0XDHHe5
87701.9541540146,,,1205.80063462257,723.915653467178,GOZjCH6VJf5pCLmrFSZw
69535.3253359795,,,796.084807634354,16362.1777775288,bbgvb5k4sy4UXjCyngEX
48332.3385622501,,,879.959287405014,138190.671285152,D1oqGxzMuo5mkKYm1btg
52310.7533533573,,,881.067768335342,729.793231725693,fs2bi7ye5IfjOvASJfQE
