saem,cond,mode,se,ll,run
184184.934153557,,,1438.84375929832,1484.86091589928,HeMau9qXW7rvivDamjBt
178612.312461376,,,1960.43540740013,1470.41439700127,3Ey8RIpIlVXcuYX7CrDQ
